[{"id":"cm22xxw5s0000acfj3nf71z6g","slug":"harsh-baxi-xs0z6","name":"Dr. Harsh Baxi","city":"Vadodara"},{"id":"cm22yfsj40003acfjg2ve1rjb","slug":"rashmi-daswani-q3z90a","name":"Dr. Rashmi Daswani","city":"Vadodara"},{"id":"cm2c4a6ok0009xpldw170anle","slug":"dhaval-trivedi-53okr","name":"Dr. Dhaval Trivedi","city":"Vadodara"},{"id":"cm2d0tewk0000bcxyke52swlv","slug":"nihar-soni-lnskl","name":"Dr. Nihar Soni","city":"Surat"},{"id":"cm2d7u9w3002kbcxypdxt3he9","slug":"pramod-uu7jl9","name":"Dr. Pramod","city":"Gurugram"},{"id":"cm2d832xg002lbcxyya1t4z59","slug":"surillo-nyh2zr","name":"Dr. Surillo","city":"La Mesa"},{"id":"cm2d8ah0z002mbcxyecppkwto","slug":"amandeep-chopra-k9o9ll","name":"Dr. Amandeep Chopra","city":"Badauli, Panipa"},{"id":"cm2d8nj3i002nbcxyrj9rqyfm","slug":"said-algan-bfmwnp","name":"Dr. Said Algan","city":"Florya"},{"id":"cm2d91rj9002obcxy7kthwchp","slug":"swetha-n6zk6","name":"Dr. Swetha","city":"Hyderabad"},{"id":"cm2d96vpu002pbcxy0oxxip2q","slug":"charan-h4hhae","name":"Dr. Charan","city":"Hyderabad"},{"id":"cm2d9b9ax002qbcxyocvp870p","slug":"kranthi-hje3q9","name":"Dr. Kranthi","city":"Hyderabad"},{"id":"cm2d9j6pj002rbcxy7yvk1cn5","slug":"patrick-hachee-rqb2z","name":"Dr. Patrick Hachee","city":"Oceanside"},{"id":"cm2d9oxh1002sbcxyn49n5nvo","slug":"megan-kottman-wxcwg","name":"Dr. Megan kottman","city":"Grove"},{"id":"cm2d9t01i002tbcxy6ej0vlib","slug":"maziar-izadi-3vaxuw","name":"Dr. Maziar Izadi","city":"Simi Valley"},{"id":"cm2d9x2yy002ubcxyjy8pis2r","slug":"mandeep-sandhu-uss03c","name":"Dr. Mandeep Sandhu","city":"Mississauga"},{"id":"cm2da5fvv002vbcxypioq5bv3","slug":"b-kanagasabapathy-k0xqaf","name":"Dr. B Kanagasabapathy","city":"Tirunelveli"},{"id":"cm2e9acqk002wbcxy50wi7468","slug":"neeshat-khan-i1fjl9","name":"Dr. Neeshat khan","city":"San Jose"},{"id":"cm2e9gvow002xbcxyvkuk6uv0","slug":"rajesh-jaglal-ywty2s","name":"Dr. Rajesh Jaglal","city":"Boston"},{"id":"cm2e9ntur002ybcxy5nfcagwx","slug":"sarita-kothari-ub8w1p","name":"Dr. Sarita Kothari","city":" Dhantoli"},{"id":"cm2e9uxcg002zbcxy606c04jg","slug":"joe-farkash-d5stjq","name":"Dr. Joe Farkash","city":"El Dorado Hills"},{"id":"cm2eaaf810030bcxy6eddizu4","slug":"devang-mistri-j12njn","name":"Dr. Devang mistri","city":"Ahmedabad"},{"id":"cm2eajotk0031bcxyv3zj8eav","slug":"-madina-gulverdeiyeva-cp6xv","name":"Dr.  Madina Gulverdeiyeva","city":"Şişli"},{"id":"cm2eaoqzm0032bcxyuzxkbqdc","slug":"samreen-farrah-siddiqui-4rz68i","name":"Dr. Samreen Farrah Siddiqui","city":"Bengaluru"},{"id":"cm2eawb3d0033bcxyhtv5myhq","slug":"rahim-shivji-hkzehy","name":"Dr. Rahim Shivji","city":"Calgary"},{"id":"cm2eb6dbb0034bcxyrtsd3d3t","slug":"rush-davidson-jaz6c","name":"Dr. Rush Davidson","city":"Beavercreek "},{"id":"cm2eba6410035bcxynt1rdbwc","slug":"glen-hacker-io1trh","name":"Dr. Glen Hacker","city":"Westport"},{"id":"cm2ebe4vo0036bcxyp1jadiy3","slug":"akula-lakshmi-prasanna-9djx1u","name":"Dr. Akula Lakshmi Prasanna","city":"Hyderabad"},{"id":"cm2eblb5j0037bcxy0y8d4yma","slug":"vachik-danoukh--08y48u","name":"Dr. Vachik Danoukh ","city":"Van Nuys"},{"id":"cm2ebpgpn0038bcxyzcojya3r","slug":"praveen-kumar-d4fvm","name":"Dr. Praveen Kumar","city":"Varanasi"},{"id":"cm2ec0wz90039bcxyfzu24qrv","slug":"sobia-malik-uk3hve","name":"Dr. Sobia Malik","city":"Houston"},{"id":"cm2ec66k7003abcxyaccaxium","slug":"satyaki-banerjee-9dceu","name":"Dr. Satyaki Banerjee","city":"Kolkata"},{"id":"cm2ecbkol003bbcxy1857pbk2","slug":"vijay-parasar-n130yg","name":"Dr. Vijay Parasar","city":"Varanasi"},{"id":"cm2ecftfb003cbcxy23c7kdvy","slug":"victor-han-ugtoab","name":"Dr. Victor Han","city":" Broadlands"},{"id":"cm2eckqe9003dbcxyk7fxmg73","slug":"mohamad-el-kheir-d07tw","name":"Dr. Mohamad El Kheir","city":"Houston"},{"id":"cm2ecsbz3003ebcxypg0j886n","slug":"k-hyder-xvpwd","name":"Dr. K Hyder","city":"Richmond"},{"id":"cm2ecyezl003fbcxypdbcnayg","slug":"brian-choi-3t64eo","name":"Dr. Brian Choi","city":" Whittier"},{"id":"cm2ed634v003gbcxy6wlw1e99","slug":"astrid-alves-cwe4g","name":"Dr. Astrid Alves","city":"Coral Gables"},{"id":"cm2edc0l6003hbcxy7q4z4kkm","slug":"erin-cherry-m03rtm","name":"Dr. Erin Cherry","city":"Denver"},{"id":"cm2edrxxu003ibcxy4km0tkbe","slug":"-robin-trevison-6viutd","name":"Dr.  Robin Trevison","city":" Coal City"},{"id":"cm2edvucb003jbcxyh401ww8e","slug":"maya-deshmukh-gep9am","name":"Dr. Maya Deshmukh","city":"New York City"},{"id":"cm2ee0yn1003kbcxyx9cg3xjc","slug":"vivek-bhalla-t007md","name":"Dr. Vivek Bhalla","city":"Chandigarh"},{"id":"cm2ee5dty003lbcxygqibbfi7","slug":"ashish-garg-0vl8qpa","name":"Dr. Ashish Garg","city":"New Delhi"},{"id":"cm2ee9str003mbcxymmd2dikg","slug":"andres-cuartas-j5fax","name":"Dr. Andres Cuartas","city":"Avenue, Miami"},{"id":"cm2een6si003nbcxyed7krky3","slug":"aj-nguyen--26j09c","name":"Dr. AJ Nguyen ","city":"Irving"},{"id":"cm2eer4vq003obcxy07uoznxh","slug":"justin-lai-7pdaxf","name":"Dr. Justin Lai","city":"Houston"},{"id":"cm2eeyo4s003pbcxyxzzsa7c0","slug":"dharmendra-pansuriya-j3ak0f","name":"Dr. Dharmendra Pansuriya","city":"Brandon"},{"id":"cm2ef37xn003qbcxyn2rn2q5a","slug":"pamela-sehra-vaetw","name":"Dr. Pamela Sehra","city":"Newnan"},{"id":"cm2ef81dq003rbcxyyis9p5jy","slug":"anna-bruhn-bs873","name":"Dr. Anna Bruhn","city":"Quincy"},{"id":"cm2efbj13003sbcxy65etdfwk","slug":"harsh-vardhan-ricev","name":"Dr. Harsh Vardhan","city":"Lucknow"},{"id":"cm2efmc7a003tbcxyg855f4n8","slug":"marc-roberts-fqo3np","name":"Dr. Marc Roberts","city":"Decatur"},{"id":"cm2efwabi003ubcxyozebfd65","slug":"jagjeet-singh-mri6rv","name":"Dr. Jagjeet Singh","city":"Seattle"},{"id":"cm2eg161t003vbcxyolcoo6e2","slug":"sunil-yadav-9q2hl","name":"Dr. Sunil Yadav","city":"Lucknow"},{"id":"cm2eg5gb9003wbcxymmhtsf3x","slug":"arezoo-nasiry-pjn3ga","name":"Dr. Arezoo Nasiry","city":"Los Angeles"},{"id":"cm2eg9do1003xbcxyjdeofsos","slug":"aniruddha--mondal-naw7qj","name":"Dr. Aniruddha  Mondal","city":"Kolkata"},{"id":"cm2egd7uj003ybcxyqhc27o57","slug":"charanpreet-chugh-cs1bvl","name":"Dr. Charanpreet Chugh","city":"Ludhiana"},{"id":"cm2egiogb003zbcxytb7odk29","slug":"kamlesh-kothari-0eq2xm","name":"Dr. Kamlesh Kothari","city":"Nagpur"},{"id":"cm2egp2aq0040bcxy4eskapmd","slug":"brandon-cohen-dmppy5","name":"Dr. Brandon Cohen","city":"Munster"},{"id":"cm2egxkqh0041bcxyo8r4gofu","slug":"rajiv-goel-mubkn","name":"Dr. Rajiv Goel","city":"Faridabad"},{"id":"cm2eh29o80042bcxythqg3a9l","slug":"andrew-nguyen-mmko6g","name":"Dr. Andrew Nguyen","city":"Bay City"},{"id":"cm2eh6zgf0043bcxy9ipppfml","slug":"biswajit-panda-pi0bb","name":"Dr. Biswajit Panda","city":"Kolkata"},{"id":"cm2ehh6ja0044bcxy59nmmycf","slug":"can-uslu-ur2o0m","name":"Dr. Can Uslu","city":"Küçükçekmece"},{"id":"cm2ehmlir0045bcxyvpgfb9i4","slug":"palak-banta-hmjdsf","name":"Dr. Palak Banta","city":"Chandigarh"},{"id":"cm2ei27bv0046bcxy0lj2v62w","slug":"narayan-jamili--4eco7t","name":"Dr. Narayan Jamili ","city":" Guntur mandal"},{"id":"cm2eix9s80047bcxy10hac45p","slug":"joseph-pantaleo--wvmo8t","name":"Dr. Joseph pantaleo ","city":"Jericho Turnpike"},{"id":"cm2ej169b0048bcxy7630d8ni","slug":"sundeep-shergill-yrbn6","name":"Dr. Sundeep Shergill","city":"Concord"},{"id":"cm2ej6sp70049bcxyd7z5ggux","slug":"mridula-radhakrishanan-rkjsb7","name":"Dr. Mridula Radhakrishanan","city":"Bengaluru Nagara"},{"id":"cm2ejjt8y004abcxyms34uzf8","slug":"rahul-bhadage--kh8urr","name":"Dr. Rahul Bhadage ","city":"Halol"},{"id":"cm2ejzrbg004bbcxyw3l8tpb3","slug":"deepak-kanojiya-8h6syw","name":"Dr. Deepak Kanojiya","city":"Satna"},{"id":"cm2ekh9c1004cbcxyfpo0fndp","slug":"devika-singh-gt5uwc","name":"Dr. Devika Singh","city":"Lucknow"},{"id":"cm2ekkr2j004dbcxya3nbrb79","slug":"shuddhodhan-gaikwad-w8ifkf","name":"Dr. Shuddhodhan Gaikwad","city":"Navi Mumbai"},{"id":"cm2ektwjw004ebcxymxxtym94","slug":"luminita-markham--t23bgj","name":"Dr. Luminita Markham ","city":"Constanta"},{"id":"cm2el2mt0004fbcxydvq054xt","slug":"alex-rubinov-ql561r","name":"Dr. Alex Rubinov","city":"Rockefeller Center"},{"id":"cm2el8z5s004gbcxycd7tj2c8","slug":"john-pavlo-9er7ap","name":"Dr. John Pavlo","city":"Peabody"},{"id":"cm2elm5iz004hbcxyoktpzghj","slug":"john-mcdonald--y8ik5","name":"Dr. John McDonald ","city":"Austin"},{"id":"cm2elqpl3004ibcxym2c2nz7b","slug":"david-markham-xeq0si","name":"Dr. David Markham","city":"Sacramento"},{"id":"cm2elu8a6004jbcxy9q3s1p21","slug":"laurie-estes-tskbef","name":"Dr. Laurie Estes","city":"Albany"},{"id":"cm2em1hg8004kbcxyqohs94xn","slug":"christopher-patterson-tksseu","name":"Dr. Christopher Patterson","city":"Aurora"},{"id":"cm2em8o1v004lbcxyf5g2h5wx","slug":"wicheta-w7wxoa","name":"Dr. Wicheta","city":"Georgetown"},{"id":"cm2embz7c004mbcxydkpwfkq6","slug":"rahul-shah-c35xv0j","name":"Dr. Rahul Shah","city":"Surat"},{"id":"cm2emlt85004nbcxy8djjs28l","slug":"maryam-talaie--0esy4n","name":"Dr. Maryam Talaie ","city":"Culver city"},{"id":"cm2emp97o004obcxyug3ypq0s","slug":"vinay-v-kumar-qzr7r","name":"Dr. Vinay V Kumar","city":"Bengaluru Nagara"},{"id":"cm2emsrfp004pbcxyx0r55e2y","slug":"saurabh-shrivastava-itcw4","name":"Dr. Saurabh Shrivastava","city":"Bhopal"},{"id":"cm2emv7io004qbcxyh12m4wqp","slug":"simer-chadha-ahrckl","name":"Dr. Simer Chadha","city":"Amritsar"},{"id":"cm2emzbmz004rbcxym0fajhu3","slug":"puneet-bhushan-kalra-v3xyo","name":"Dr. Puneet Bhushan Kalra","city":" Bikaner"},{"id":"cm2en2kuu004sbcxydsh11qaz","slug":"lalit-garg-gghl4g","name":"Dr. Lalit Garg","city":"Jaipur"},{"id":"cm2en7cv6004tbcxyxwxx4mi6","slug":"shrest-bhagat-vn5yfv6","name":"Dr. Shrest Bhagat","city":"Kolkata"},{"id":"cm2encsy2004ubcxywvw94ahv","slug":"vijay-bagul--xdrle8","name":"Dr. Vijay Bagul ","city":"Navi Mumbai"},{"id":"cm2enktsm004vbcxy14pgimia","slug":"kritika-butta-a4ndhq","name":"Dr. Kritika butta","city":"Kolkata"},{"id":"cm2env3ps004wbcxye0q4x4p4","slug":"ronald-cunning-zu2x1","name":"Dr. Ronald Cunning","city":"Montclair"},{"id":"cm2eo24oc004xbcxyirh3w3tw","slug":"k-pournesh-oz2xjy","name":"Dr. K Pournesh","city":"Coimbatore"},{"id":"cm2eoi4xo004ybcxyko16sm2m","slug":"nibras-ruqaiya-lf152r","name":"Dr. Nibras Ruqaiya","city":"Bangalore"},{"id":"cm2eoxmto004zbcxy0f5ys5w5","slug":"suvidha-sachdeva-vuboxq","name":"Dr. Suvidha Sachdeva","city":"Roswell"},{"id":"cm2epeuc10050bcxy78hgl8qz","slug":"diana-sedler-3xk586","name":"Dr. Diana Sedler","city":" BURBANK"},{"id":"cm2fpdzdi0051bcxygha9jpuj","slug":"ranjitha-mukund--qmqkor","name":"Dr. Ranjitha Mukund ","city":"Newington"},{"id":"cm2fphklk0052bcxyhcpjkyx5","slug":"raj-mohan-d66bpu","name":"Dr. Raj Mohan","city":"Thanjavur"},{"id":"cm2fplwoa0053bcxy2znnbtik","slug":"ravikant-singh-tevlf","name":"Dr. Ravikant Singh","city":"Ghaziabad"},{"id":"cm2fpohe00054bcxyr5nz3tww","slug":"mukesh-jetley-56xdo","name":"Dr. Mukesh Jetley","city":"New Delhi"},{"id":"cm2fprbt60055bcxys3nyilow","slug":"harleen-gandhi-dw08g","name":"Dr. Harleen Gandhi","city":"New Delhi"},{"id":"cm2fpup7i0056bcxyioiokj3l","slug":"jong-jin-ttboji","name":"Dr. Jong Jin","city":" Las Vegas"},{"id":"cm2fpyvna0057bcxygc2n3dti","slug":"anthony-nguyen-khcx1","name":"Dr. Anthony Nguyen","city":" San Ramon"},{"id":"cm2fq5j4s0058bcxyf9c6zgqe","slug":"chia-fen-jin-076agg","name":"Dr. Chia fen jin","city":"San Ramon"},{"id":"cm2fq9z8t0059bcxy0d67mhrg","slug":"amit-sidana-uzgryc","name":"Dr. Amit Sidana","city":"Sri Ganganagar district"},{"id":"cm2fqcew4005abcxybxl0o69q","slug":"ranjit-kumar-lk14ud","name":"Dr. Ranjit Kumar","city":" Guntur"},{"id":"cm2fqfrz9005bbcxyunaf9ci9","slug":"ahmed-saeed-jr8tcn","name":"Dr. Ahmed Saeed","city":"Nasr City"},{"id":"cm2fqiw43005cbcxyopn3e58c","slug":"kanchan-jadhav-uaih419","name":"Dr. Kanchan Jadhav","city":"Navi Mumbai"},{"id":"cm2fqm9ud005dbcxykhutbtmt","slug":"abhishek-john-samuel-y94ws5","name":"Dr. Abhishek John Samuel","city":"Coimbatore"},{"id":"cm2fqosqk005ebcxyd7pbwp9x","slug":"kirti-aherwal-pyzewr","name":"Dr. Kirti Aherwal","city":"Mira-Bhayandar"},{"id":"cm2fqrkwi005fbcxyr11c7mus","slug":"unnati-gupta-s7g9gd","name":"Dr. Unnati Gupta","city":"New Delhi"},{"id":"cm2fqtxiq005gbcxycim84yil","slug":"siddharth-jain-ldzzj","name":"Dr. Siddharth Jain","city":"Udaipur"},{"id":"cm2fqwrb9005hbcxyvg3s0p40","slug":"ushma-k-kakkad-da2iyr","name":"Dr. Ushma K Kakkad","city":"Surat"},{"id":"cm2fr4irb005ibcxyu5o7hryn","slug":"reza-ghasemi-wlu8s","name":"Dr. Reza Ghasemi","city":"South Gate"},{"id":"cm2frc5vv005jbcxyjosoa5n6","slug":"mrunal-burute-xyt6bc","name":"Dr. Mrunal Burute","city":"Pimpri"},{"id":"cm2frf6ya005kbcxypjeyl3bn","slug":"urmil-arora-gyhi3d","name":"Dr. Urmil Arora","city":"Mumbai Suburban"},{"id":"cm2fri144005lbcxyr3jnn95b","slug":"pardeep-kumar-gogia--3zocd8","name":"Dr. Pardeep Kumar Gogia ","city":"Rohtak"},{"id":"cm2frl9f3005mbcxy7bax38si","slug":"jashan-arora-mve2sr","name":"Dr. Jashan Arora","city":"Mira-Bhayandar"},{"id":"cm2frnjbf005nbcxy93xhc8pb","slug":"pallav-kinra-lv3u51","name":"Dr. Pallav Kinra","city":"New Delhi"},{"id":"cm2frr1pi005obcxyiwswsv5n","slug":"bharat-katarmal-lyv99a","name":"Dr. Bharat Katarmal","city":"Jamnagar"},{"id":"cm2fry1g2005pbcxypis1z9kw","slug":"p-s-lakshmi-5ajuc","name":"Dr. P S Lakshmi","city":"  Mapusa"},{"id":"cm2fs28y9005qbcxyw0pl3pvg","slug":"-ravi-shanthraj-x6yfji","name":"Dr.  Ravi Shanthraj","city":" Mysuru"},{"id":"cm2ft7oct005rbcxyi2mwaafv","slug":"natalie-barclay-ylecbi","name":"Dr. Natalie Barclay","city":"Troy"},{"id":"cm2ftx4w0005sbcxypt64l6s3","slug":"r-n-patel-yym9z","name":"Dr. R N Patel","city":"Jamnagar"},{"id":"cm2fu0jr7005tbcxypa67iczk","slug":"ankur-prajapati-okz7xk","name":"Dr. Ankur Prajapati","city":"Surat"},{"id":"cm2fu4cvr005ubcxyjm82vthm","slug":"amit-khare-slr5dm","name":"Dr. Amit Khare","city":"Bhopal"},{"id":"cm2fud1ja005vbcxy1lyzuldu","slug":"toral-ardeshna-d3p7ryk","name":"Dr. Toral Ardeshna","city":"Roswell"},{"id":"cm2futz860079bcxyovc57qea","slug":"sanket-chakraverty-rm8hz","name":"Dr. Sanket Chakraverty","city":"Kolkata"},{"id":"cm2fuzh3t007abcxydbu4pcip","slug":"pravin-bonde-0bouu","name":"Dr. Pravin Bonde","city":"Nashik"},{"id":"cm2fva6bg007bbcxynby4m66i","slug":"shibli-syed-ec7e7","name":"Dr. shibli Syed","city":"Pune"},{"id":"cm2fvrzgc007cbcxygzrrplzk","slug":"dibya-lochan-swain-vj119n","name":"Dr. Dibya Lochan Swain","city":"Bhubaneswar"},{"id":"cm2ik2nxc007dbcxytu4jwz8i","slug":"sarvesh-b-urolagin-v8auk","name":"Dr. Sarvesh B Urolagin","city":"Belgaum"},{"id":"cm2ikfezb007ebcxynnik3txy","slug":"neetu-jha-xne4n","name":"Dr. Neetu Jha","city":"Pune"},{"id":"cm2ikr6lx007fbcxy6ng0staf","slug":"edger-montano-oa4wnj","name":"Dr. Edger Montano","city":"Tijuana"},{"id":"cm2iljg6j007gbcxyvvc8r1iy","slug":"maxico-ohmxko","name":"Dr. Maxico","city":" Tijuana"},{"id":"cm2ilrwwa007hbcxysa4dknts","slug":"andrea-kadar-k0gvnh","name":"Dr. Andrea Kadar","city":"Latchmere"},{"id":"cm2im9m6j007ibcxyhemv906b","slug":"navid-rahmani-t1ggle","name":"Dr. Navid Rahmani","city":"New York City"},{"id":"cm2imhdsp007jbcxygpkrj1gs","slug":"diwakar-b-fxcitd","name":"Dr. Diwakar B","city":"Vellore"},{"id":"cm2ingc3p007kbcxy7mwlykdc","slug":"neeraj-chandra-gdh1tj","name":"Dr. Neeraj Chandra","city":"Bareilly"},{"id":"cm2innaol007lbcxyenncq4ft","slug":"akshay-nigam-9evdwm","name":"Dr. Akshay Nigam","city":"Bangalore"},{"id":"cm2inxgze007mbcxyvgpxkjnt","slug":"mahesh-chauhan-zx981f","name":"Dr. Mahesh Chauhan","city":"New Delhi"},{"id":"cm2io87fg007nbcxyp9cmm31p","slug":"mala-makar-ev1h09","name":"Dr. Mala Makar","city":"New Delhi"},{"id":"cm2iomags007obcxy5qw8gpd8","slug":"shaurya-gandhi-42kbg","name":"Dr. Shaurya Gandhi","city":"Ahmedabad"},{"id":"cm4818loh000012qrnevkjxca","slug":"nitesh-motwani-4d82bo","name":"Dr. Nitesh Motwani","city":""},{"id":"cm481gxn0000112qr94vp5l0b","slug":"-shalini-pal-q79y2e","name":"Dr.  Shalini Pal","city":""},{"id":"cm481v7pc000212qr2qnxotuv","slug":"aayushi-dwivedi-xjb6tp","name":"Dr. Aayushi Dwivedi","city":""},{"id":"cm482exkg000312qrk0pq25iu","slug":"aatish-shah-ks6yj","name":"Dr. Aatish Shah","city":""},{"id":"cm482uf4r000412qrii11sdvs","slug":"amit-bangar-krkoij","name":"Dr. Amit Bangar","city":""},{"id":"cm4833liy000512qrq8q3tpxk","slug":"sharmila-shetty-phx9o","name":"Dr. Sharmila Shetty","city":""},{"id":"cm483eesd000612qr5vr1na69","slug":"-sumit-bedia-0nknpa","name":"Dr.  Sumit Bedia","city":""},{"id":"cm483po9v000712qrdlcwnwhy","slug":"mrugank-shah-wrtjnq","name":"Dr. Mrugank Shah","city":""},{"id":"cm4843dg8000812qrn7ihce7k","slug":"tafheem-a-4g9t6h","name":"Dr. Tafheem A","city":""},{"id":"cm484o4d7000912qrsqgbnvwf","slug":"sweta-garodia-5ixm5","name":"Dr. Sweta Garodia","city":""},{"id":"cm48538xd000a12qrf2ba5r3l","slug":"shoeb-shaikh-8682oj","name":"Dr. Shoeb Shaikh","city":""},{"id":"cm489fzvf000b12qr2kr6ahfj","slug":"nehal-sanghani-aia1bm","name":"Dr. Nehal Sanghani","city":""},{"id":"cm48afd53000c12qrujmecobu","slug":"seema-bansal-xv14h","name":"Dr. Seema Bansal","city":""},{"id":"cm48axosw000d12qr41i5zts2","slug":"aditi-aggarwal-jwocsb","name":"Dr. Aditi Aggarwal","city":""},{"id":"cm48b65iw000e12qrv0jx4p7h","slug":"irfan-kachwala-md48u","name":"Dr. Irfan Kachwala","city":""},{"id":"cm48bxqoa000f12qr3eaaal95","slug":"forum-gada-q3dh0k","name":"Dr. FORUM GADA","city":""},{"id":"cm48c95dr000g12qrwt732i6w","slug":"-supriya-menon-fu7slp","name":"Dr.  Supriya Menon","city":""},{"id":"cm48cflam000h12qrm7nl47u9","slug":"-ninal-shah-hyhbr","name":"Dr.  Ninal Shah","city":""},{"id":"cm48cuefd000i12qr0ybmycmm","slug":"-chandraprabha-kumar-lpqj8g","name":"Dr.  Chandraprabha Kumar","city":""},{"id":"cm48d57qc000j12qrsztw7944","slug":"rucha-baphna-brahmbhatt-or0fsm","name":"Dr. Rucha Baphna Brahmbhatt","city":""},{"id":"cm48dc521000k12qrw2mjbn1d","slug":"kavita-kumar--zbrtrj","name":"Dr. Kavita Kumar ","city":""},{"id":"cm48dgut5000l12qr6fqaa8w1","slug":"shraddha-khedkar-nate-i69pe","name":"Dr. Shraddha khedkar Nate","city":""},{"id":"cm48egjm4000m12qrjwsy31na","slug":"dheeraj-punjabi-yqkhum","name":"Dr. Dheeraj Punjabi","city":""},{"id":"cm48eoycb000n12qra9voqpjq","slug":"-dattu--ghule-om974k","name":"Dr.  Dattu  Ghule","city":""},{"id":"cm48etcoc000o12qrsmkzjcra","slug":"sanket-sheth-grlekk","name":"Dr. Sanket Sheth","city":""},{"id":"cm49gkurf000p12qrcta14v2q","slug":"siddhi-nandgaonkar-po8xpf","name":"Dr. Siddhi Nandgaonkar","city":""},{"id":"cm49gtz6l000q12qrsp044lk8","slug":"sajid-shaikh-pylygo","name":"Dr. Sajid Shaikh","city":""},{"id":"cm49h216x000r12qrxmzevq40","slug":"-rohit-vedpathak-xzhbwm","name":"Dr.  Rohit Vedpathak","city":""},{"id":"cm49h8one000s12qr11gp5jsy","slug":"rohan-virani-8y8m0i","name":"Dr. Rohan Virani","city":""},{"id":"cm49hf5oj000t12qr04wvh9le","slug":"roshan-kolhe-kyh2c7","name":"Dr. Roshan Kolhe","city":""},{"id":"cm49isxug000u12qrr4q75bw5","slug":"neeraj-s-rohida-h4xhhn","name":"Dr. Neeraj S Rohida","city":""},{"id":"cm49jg0o8000v12qrluoyg7zr","slug":"kandhappan-m--pillai-q6ptdq","name":"Dr. Kandhappan m  Pillai","city":""},{"id":"cm49o49ba000w12qr0h8nsx3k","slug":"hitesh-nagrath-1t72qw","name":"Dr. Hitesh Nagrath","city":""},{"id":"cm49ovnt2000x12qr2ymo9zid","slug":"karanjit--s-chaudhary-o51bg","name":"Dr. Karanjit  s Chaudhary","city":""},{"id":"cm49pn9wj000y12qrchrefdjk","slug":"javed-salim-zari-b4yrba","name":"Dr. Javed Salim Zari","city":""},{"id":"cm49u0cab000z12qrx8m1pfa7","slug":"-akash-bhandari-b0i17a","name":"Dr.  Akash Bhandari","city":""},{"id":"cm49uqcbn001012qr2mgpwb5o","slug":"keki--mistry-gfhwmx","name":"Dr. Keki  Mistry","city":""},{"id":"cm4avxqe9001112qrjpg97daw","slug":"stephen-dsouza-ie132","name":"Dr. Stephen Dsouza","city":""},{"id":"cm4awbz8g001212qr6v3l3mi2","slug":"hiten-vira-ayde7m","name":"Dr. Hiten Vira","city":""},{"id":"cm4awiotj001312qr0hha6ueo","slug":"arun-nayak-3zn2dt","name":"Dr. Arun Nayak","city":""},{"id":"cm4awwh3t001412qrp452dqdd","slug":"komal-nanavati-oy4mbj","name":"Dr. Komal Nanavati","city":""},{"id":"cm4aysezy001512qrfclzj8rt","slug":"ashni-choksey-mehta-tmc6zh","name":"Dr. Ashni Choksey Mehta","city":""},{"id":"cm4az91a6001612qrp59dfbx6","slug":"vaishnavi-kasodekar-6r2fv","name":"Dr. Vaishnavi Kasodekar","city":""},{"id":"cm4azfqz5001712qr2pl4nsm0","slug":"mithilesh-kotagale-y7qclg","name":"Dr. Mithilesh Kotagale","city":""},{"id":"cm4azpx7p001812qr5g5awxtl","slug":"alpesh--jain--ktjxu7","name":"Dr. Alpesh  Jain ","city":""},{"id":"cm4b1kybr002n12qrtom6ilsj","slug":"-shalin-ghatalia-9ovr9q","name":"Dr.  Shalin Ghatalia","city":""},{"id":"cm4b1pe6z002o12qrx7ylg1ml","slug":"hemanshu-mehta-9usmyd","name":"Dr. Hemanshu Mehta","city":""},{"id":"cm4b1tnwg002p12qr2lasabxo","slug":"-niraalee-bhavya-shah-jmd6iu","name":"Dr.  Niraalee Bhavya Shah","city":""},{"id":"cm4b1z2eo002q12qr7z1v4ync","slug":"avinash-kshar-vlqsm","name":"Dr. Avinash Kshar","city":""},{"id":"cm4droz0s002r12qre0npwags","slug":"-rajat--sachdeva-vuknbg","name":"Dr.  Rajat  Sachdeva","city":""},{"id":"cm4dsxwpv002s12qrohifabbs","slug":"swati-bajaj-wp8mzn","name":"Dr. Swati Bajaj","city":""},{"id":"cm4dt2u5n002t12qrtit9lvso","slug":"gaurav-goel-ky27f","name":"Dr. Gaurav Goel","city":""},{"id":"cm4dtk8kj002u12qr3sgfbtw5","slug":"-payal-manchanda-nlmrv5","name":"Dr.  Payal Manchanda","city":""},{"id":"cm4duab33002v12qraxfzrihy","slug":"mrinalini-ahuja-pc9nc","name":"Dr. Mrinalini Ahuja","city":""},{"id":"cm4dujfmx002y12qr74dxeq1s","slug":"-komal-sharma-d0e6ke","name":"Dr.  Komal Sharma","city":""},{"id":"cm4dvfq96002z12qrboz3jv53","slug":"shikha-gupta-q6qaoi","name":"Dr. Shikha Gupta","city":""},{"id":"cm4dvtz5q003012qrqn1thvsb","slug":"raj-tiwary-tvtltt","name":"Dr. Raj Tiwary","city":""},{"id":"cm4dw7hm8003112qr30vv44gc","slug":"yash-anand-nysfof","name":"Dr. Yash Anand","city":""},{"id":"cm8vf9yql0000dbxk456nudhd","slug":"megha-vyas-979420","name":"Megha Vyas","city":"Vadodara"},{"id":"cm8zjb0hr0000js6bxkf3u7ab","slug":"dr-mable-patel-611517","name":"Dr. Mable Patel","city":"Ahmedabad"},{"id":"cm8zlseez0001js6bscbl6090","slug":"dr-sachin-dalal-781945","name":"Dr. Sachin Dalal","city":"Ahmedabad"},{"id":"cm8zlz17e0002js6bv88dbqvh","slug":"dr-rahul-agrawal-091416","name":"Dr. Rahul Agrawal","city":"Ahmedabad"},{"id":"cm8zmasui0003js6b37gio1av","slug":"dr-shruti-panday-640456","name":"Dr Shruti Panday","city":"Ahmedabad"},{"id":"cm8zoq2ox0004js6b069xfo2v","slug":"dr-maitry-m-shah-712287","name":"Dr Maitry M Shah","city":"Ahmedabad"},{"id":"cm8zoupir0005js6bxpl1npjm","slug":"dr-shravan-joshi-928497","name":"Dr. Shravan Joshi","city":"Ahmedabad"},{"id":"cm8zp4er60006js6b0wwvnn83","slug":"dr-zita-antao-381104","name":"Dr. Zita Antao","city":"Ahmedabad"},{"id":"cm8zp7m880007js6byfhywnlu","slug":"dr-ishita-530758","name":"Dr. ishita","city":"Ahmedabad"},{"id":"cm8zpb97g0008js6b1e934zhy","slug":"dr-parikh-700507","name":"DR. PARIKH","city":"Ahmedabad "},{"id":"cm8zpem2d0009js6bp72plcjx","slug":"dr-khyati-patel-857139","name":"Dr. Khyati Patel","city":"Ahmedabad"},{"id":"cm8zpiknc000ajs6b4re3b4z6","slug":"dr-akshita-joshipura-041927","name":"Dr. Akshita Joshipura","city":"Ahmedabad"},{"id":"cm8zpnhyq000bjs6bjzq1iw10","slug":"dr-nidhi-kantharia-gupta-271730","name":"Dr.Nidhi Kantharia Gupta","city":"Ahmedabad"},{"id":"cm8zpwtmj000cjs6b4v280sut","slug":"dr-manish-shah-706746","name":"Dr. Manish Shah","city":"Ahmedabad."},{"id":"cm8zqfcww000djs6b4b6put3a","slug":"dr-sayma-memon-571551","name":"Dr. Sayma Memon","city":"Ahmedabad"},{"id":"cm8zqibo6000ejs6bticyv8nz","slug":"dr-hemal-shah-709909","name":"Dr. Hemal Shah","city":"Ahmedabad"},{"id":"cm8zqmtxt000fjs6b97iihwrs","slug":"dr-neelam-solanki-920208","name":"Dr. Neelam Solanki","city":"Ahmedabad"},{"id":"cm8zqqfrm000gjs6b5qvwemhs","slug":"dr-shrey-italia-088465","name":"Dr. Shrey Italia","city":"Ahmedabad"},{"id":"cm8zqwp0a000hjs6b1vonh83q","slug":"dr-rushita-shah-380377","name":"Dr. Rushita Shah","city":"Ahmedabad"},{"id":"cm8zqznu5000ijs6b4kxskelz","slug":"dr-sejal-shah-518828","name":"Dr.Sejal Shah","city":"Ahmedabad"},{"id":"cm8zrfkk6000jjs6btd49pdib","slug":"dr-nehal-k-sheth-261077","name":"Dr. Nehal K. Sheth","city":"Ahmedabad."},{"id":"cm8zrjadw000kjs6bzj4f1kwn","slug":"dr-jaimin-patel-434515","name":"Dr. Jaimin Patel","city":"Ahmedabad"},{"id":"cm8zrldbm000ljs6bvsxistex","slug":"dr-jinal-patel-531632","name":"DR JINAL PATEL","city":"Ahmedabad"},{"id":"cm8zrnw5l000mjs6bh5ytktid","slug":"dr-chirag-k-nebhani-649352","name":"Dr Chirag K Nebhani","city":"Ahmedabad"},{"id":"cm8zrrjkz000njs6bagtumxlt","slug":"dr-viral-sheta-819682","name":"Dr. Viral Sheta","city":"Ahmedabad"},{"id":"cm8zrupku000ojs6biwms3q7m","slug":"dr-trusha-gajera-967421","name":"Dr. Trusha Gajera","city":"Ahmedabad"},{"id":"cm8zrxcyf000pjs6b95mock4c","slug":"dr-bhavin-prajapati-091030","name":"Dr Bhavin Prajapati","city":"Ahmedabad"},{"id":"cm8zrzk3t000qjs6bs1yytz9v","slug":"dr-mehta-purav-193605","name":"Dr.Mehta Purav","city":"Ahmedabad"},{"id":"cm8zs5pc3000rjs6bzqymwqmh","slug":"dr-nikita-patoliya-480322","name":"Dr. Nikita Patoliya","city":"Ahmedabad"},{"id":"cm8zs972l000sjs6bq725oo84","slug":"dr-mehul-shah-643276","name":"Dr. Mehul Shah","city":"Ahmedabad"},{"id":"cm8zsbkid000tjs6bf8zksoxf","slug":"dr-tapan-754003","name":"Dr Tapan","city":"Ahmedabad"},{"id":"cm8zsdtwn000ujs6bg7a5y4xi","slug":"dr-manali-shah-sheth-859494","name":"DR. Manali Shah Sheth","city":"Ahmedabad"},{"id":"cm90b390y000vjs6bz1zep129","slug":"dr-krishna-shah-278569","name":"Dr. Krishna Shah","city":"Ahmedabad"},{"id":"cm90b61sw000wjs6b8p0oetgi","slug":"dr-manisha-a-mehta-409183","name":"Dr. Manisha A Mehta","city":"Ahmedabad"},{"id":"cm90b8d6p000xjs6b8iuc4ipe","slug":"dr-shailaja-shah-517248","name":"Dr. Shailaja Shah","city":"Ahmedabad"},{"id":"cm90bb84y000yjs6birclaxdo","slug":"dr-rachana-pandya-650673","name":"Dr.Rachana Pandya","city":"Ahmedabad"},{"id":"cm90be081000zjs6bkfcnmu2v","slug":"dr-nikunj-gupta-780384","name":"Dr. Nikunj Gupta","city":"Ahmedabad"},{"id":"cm90bghj30010js6bc2634jtn","slug":"dr-priyank-patel-896127","name":"Dr. Priyank Patel","city":"Ahmedabad"},{"id":"cm90bj9nd0011js6bzkr5ha87","slug":"dr-konain-ghoghai-025880","name":"Dr. Konain Ghoghai","city":"Ahmedabad"},{"id":"cm90bnck00012js6bpmpl87zg","slug":"dr-meenakshi-haryani-216269","name":"Dr. Meenakshi Haryani","city":"Ahmedabad"},{"id":"cm90bry480013js6b4bmuoyas","slug":"dr-shilpa-agrawal-430832","name":"Dr. Shilpa Agrawal","city":"Ahmedabad"},{"id":"cm90bv2kg0014js6bpuyabzy1","slug":"dr-nikita-j-shah-576571","name":"Dr. Nikita J. Shah","city":"Ahmedabad"},{"id":"cm90by3xu0015js6b7u2q3m9p","slug":"dr-jaimin-raval-718321","name":"Dr. Jaimin Raval","city":"Ahmedabad"},{"id":"cm90c06wd0016js6bw2ran3qu","slug":"dr-purvesh-chauhan-815468","name":"Dr.Purvesh Chauhan","city":"Ahmedabad"},{"id":"cm90c5ysg0017js6bjxnwx7cz","slug":"dr-aesha-acharya-thakkar-084895","name":"Dr. Aesha Acharya Thakkar","city":"Ahmedabad"},{"id":"cm90c83sb0018js6b2v2sf6vm","slug":"dr-jubin-patel-184682","name":"Dr. Jubin Patel","city":"Ahmedabad"},{"id":"cm90cahya0019js6bplfbck6z","slug":"dr-mosam-shah-296353","name":"Dr. Mosam Shah","city":"Ahmedabad"},{"id":"cm90cct63001ajs6b5wlzseio","slug":"dr-archan-patel-404202","name":"Dr.Archan patel","city":"Ahmedabad"},{"id":"cm90cem01001bjs6b190eugk9","slug":"dr-anchal-kapoor-shah-488224","name":"Dr. Anchal Kapoor Shah","city":"Ahmedabad"},{"id":"cm90cjht9001cjs6butzj3wp6","slug":"dr-ajay-sureshbhai-patel-716076","name":"DR. AJAY SURESHBHAI PATEL","city":"Ahmedabad"},{"id":"cm90cm4kz001djs6bo7ly8xse","slug":"dr-jalak-modi-838898","name":"Dr JALAK MODI","city":"Ahmedabad"},{"id":"cm90corzd001ejs6bq3883mxf","slug":"dr-maishy-panchori-962536","name":"Dr. Maishy Panchori","city":"Ahmedabad"},{"id":"cm90crhpg001fjs6byb44xrvs","slug":"dr-kinjal-shah-089187","name":"DR KINJAL SHAH","city":"Ahmedabad"},{"id":"cm90cv6a1001gjs6bdg3edxrt","slug":"dr-ankit-m-bhagora-261000","name":"Dr. Ankit M. Bhagora","city":"Ahmedabad"},{"id":"cm90cyrdo001hjs6b3rugj4t8","slug":"dr-krupa-vaidya-428313","name":"Dr. Krupa Vaidya","city":"Ahmedabad"},{"id":"cm90ds9gh001ijs6bvsyqu69p","slug":"dr-ushma-k-kakkad-804765","name":"Dr. Ushma K. Kakkad","city":"Surat"},{"id":"cm90dv655001jjs6br7h3nh7i","slug":"dr-rupali-gujar-940440","name":"Dr. Rupali Gujar","city":"Surat"},{"id":"cm90e07n7001kjs6bv93svmzo","slug":"dr-asmita-unadkat-175666","name":"Dr. Asmita Unadkat","city":"Surat"},{"id":"cm90e3815001ljs6bwrffyn2q","slug":"dr-prerna-gupta-316136","name":"Dr. Prerna Gupta","city":"Surat"},{"id":"cm90e4zws001mjs6budfi6bog","slug":"dr-chintan-boghara-398919","name":"Dr. Chintan Boghara","city":"Surat"},{"id":"cm90uz94l001njs6bl3rnmtj6","slug":"dr-ankit-patel-684404","name":"Dr. Ankit Patel","city":"Surat"},{"id":"cm90v34ra001ojs6btp92gbzf","slug":"dr-dimpal-navadia-865365","name":"Dr. Dimpal Navadia","city":"Surat"},{"id":"cm90v63b9001pjs6bzsrl16k2","slug":"dr-ujas-shah-003460","name":"Dr. UJAS SHAH","city":"Surat"},{"id":"cm90v9k4f001qjs6bggxi8ny8","slug":"dr-anshu-agrawal-165215","name":"Dr Anshu Agrawal","city":"Ahmedabad"},{"id":"cm90vcmn3001rjs6b6eqvxe67","slug":"dr-jayashree-308437","name":"Dr. Jayashree","city":"Surat"},{"id":"cm90vezk1001sjs6bfm8kxqo8","slug":"dr-pritesh-k-agrawal-418493","name":"DR. PRITESH K AGRAWAL","city":"Surat"},{"id":"cm90vinkd001tjs6b2hold504","slug":"dr-ankita-rathod-589580","name":"DR Ankita Rathod","city":"Surat"},{"id":"cm90vnkio001ujs6bxe7zihyz","slug":"dr-surbhi-818911","name":"Dr Surbhi","city":"Surat"},{"id":"cm90vql8f001vjs6bsamshlte","slug":"dr-hitesh-n-patel-959801","name":"Dr. Hitesh N. Patel","city":"Surat"},{"id":"cm90vt38a001wjs6btm71yja5","slug":"dr-neha-ajmera-goyal-076441","name":"Dr. Neha Ajmera Goyal","city":"Surat"},{"id":"cm90wanmg001xjs6bjyrcswen","slug":"dr-dhaval-lekhadia-896022","name":"Dr. Dhaval Lekhadia","city":"Surat"},{"id":"cm90wd98q001yjs6bfhi851oa","slug":"dr-pankti-desai-017347","name":"Dr Pankti Desai","city":"Surat"},{"id":"cm90whc8p001zjs6bzlq74hmi","slug":"dr-nilesh-bhimani-207864","name":"Dr. Nilesh Bhimani","city":"Surat"},{"id":"cm90wo5nj0020js6bye1dt215","slug":"dr-dharmesh-borad-525917","name":"Dr. Dharmesh Borad","city":"Surat"},{"id":"cm90wr8ec0021js6bg1mzhz3r","slug":"dr-rutu-jani-669443","name":"Dr. Rutu Jani","city":"Surat"},{"id":"cm90wu3t80022js6bskzoeq9i","slug":"dr-bhavnit-vaghani-803467","name":"Dr. Bhavnit Vaghani","city":"Surat"},{"id":"cm90wxhhu0023js6b8lg6qk3q","slug":"dr-jugal-sherdiwala-961169","name":"Dr Jugal Sherdiwala","city":"Surat"},{"id":"cm90wzyzv0024js6bq06ht4nf","slug":"dr-hirva-jani-077162","name":"Dr. Hirva Jani","city":"Surat"},{"id":"cm90x2jrn0025js6bob3jnm7k","slug":"dr-heena-shah-197395","name":"Dr Heena Shah","city":"Surat"},{"id":"cm90x8izk0026js6bxg78a0eu","slug":"dr-kajal-lala-476318","name":"Dr. Kajal Lala","city":"Surat"},{"id":"cm90xf1ux0027js6bpj6avedu","slug":"dr-ketan-savani-780712","name":"Dr. KETAN SAVANI","city":"Surat"},{"id":"cm90xhhh50028js6bik7hseao","slug":"dr-rajesh-devani-894264","name":"Dr. Rajesh Devani","city":"Surat"},{"id":"cm90xklvw0029js6bmx5lw8yh","slug":"dr-priya-patel-039947","name":"Dr.Priya Patel","city":"Surat"},{"id":"cm90xv0tt002ajs6bpxnfc039","slug":"dr-preeti-shah-525865","name":"Dr.Preeti Shah","city":"Surat"},{"id":"cm90xz039002bjs6b2a45nmpk","slug":"dr-ankita-panseriya-711541","name":"Dr. Ankita Panseriya","city":"Surat"},{"id":"cm90y1a12002cjs6b2ic3ozsh","slug":"dr-ivani-dudhat-817732","name":"Dr. Ivani Dudhat","city":"Surat"},{"id":"cm90y52xh002djs6bdjxm6jvy","slug":"dr-juhi-dhameliya-995156","name":"Dr Juhi Dhameliya","city":"Surat"},{"id":"cm90y7zok002ejs6bxdfyy4ab","slug":"dr-aditi-shah-130915","name":"Dr. Aditi Shah","city":"Surat"},{"id":"cm90zeduo002fjs6bhzz89u3n","slug":"dr-dhvani-pandya-108832","name":"Dr. Dhvani Pandya","city":"Rajkot"},{"id":"cm90zgz6n002gjs6bmjvf659l","slug":"dr-madhavi-barai-229790","name":"Dr. Madhavi Barai","city":"Rajkot"},{"id":"cm90zjq4k002hjs6b5xlldplz","slug":"dr-ashish-chhajlani-jain-358019","name":"Dr. Ashish Chhajlani Jain","city":" Rajkot"},{"id":"cm90zp0y4002ijs6b6y29z96v","slug":"dr-nilam-patel-605319","name":"Dr. Nilam Patel","city":"Rajkot"},{"id":"cm90zriyd002jjs6bwbudpkc0","slug":"dr-nehal-patel-721973","name":"Dr Nehal Patel","city":"Rajkot"},{"id":"cm90zuuw0002kjs6bip4b9obv","slug":"dr-sneha-pipalia-877407","name":"Dr. Sneha Pipalia","city":"Rajkot"},{"id":"cm91008qw002ljs6b72vzvn69","slug":"dr-karan-patel-128647","name":"Dr. Karan Patel","city":"Rajkot"},{"id":"cm9103752002mjs6bu5doxm3j","slug":"dr-nupur-m-bhalodia-266533","name":"Dr. Nupur M. Bhalodia","city":"Rajkot"},{"id":"cm9105lo3002njs6b2q3fjypu","slug":"dr-dhruv-ghodasara-378674","name":"Dr. Dhruv Ghodasara","city":"Rajkot"},{"id":"cm91088wt002ojs6bj3ylbcij","slug":"dr-viral-gadhiya-502108","name":"Dr. Viral Gadhiya","city":"Rajkot"},{"id":"cm910bk67002pjs6bekykj83r","slug":"dr-ankita-h-dave-656670","name":"Dr. Ankita H. Dave","city":"Rajkot"},{"id":"cm910dwsn002qjs6bzhgnbkgw","slug":"dr-manashree-bhuva-766342","name":"Dr. Manashree Bhuva","city":"Rajkot"},{"id":"cm910frid002rjs6bl6rqxcvx","slug":"dr-nirali-aapaliya-852804","name":"Dr . Nirali Aapaliya","city":"Rajkot"},{"id":"cm910hv3z002sjs6bz5wejh42","slug":"dr-keyur-d-patel-950781","name":"Dr. Keyur D Patel","city":"Rajkot"},{"id":"cm910n7g6002tjs6bhnltpiba","slug":"dr-priya-bhalani-200052","name":"Dr. Priya Bhalani","city":"Rajkot"},{"id":"cm910pdiy002ujs6bcdk9vczu","slug":"dr-digant-thakkar-301241","name":"Dr. Digant Thakkar","city":"Rajkot"},{"id":"cm910rccb002vjs6b84umwnc4","slug":"dr-himani-katariya-393018","name":"Dr Himani Katariya","city":"Rajkot"},{"id":"cm910t28o002wjs6be3c1nb70","slug":"dr-vaishali-trivedi-473232","name":"Dr. Vaishali Trivedi","city":"Rajkot"},{"id":"cm910uvoy002xjs6bsyfafpq0","slug":"dr-niyati-v-hapalia-558066","name":"Dr. Niyati V Hapalia","city":"Rajkot"},{"id":"cm912utje002yjs6bkvl8y3hb","slug":"dr-henna-dhruva-914505","name":"Dr. Henna Dhruva","city":"Bhavnagar"},{"id":"cm912yp0s002zjs6bvssd29l4","slug":"dr-hareshwaree-gosai-095275","name":"Dr. Hareshwaree Gosai","city":"Bhavnagar"},{"id":"cm9131vm30030js6b8vj6c294","slug":"dr-hemakshi-jhaveri-243787","name":"Dr.Hemakshi Jhaveri","city":"Jamnagar"},{"id":"cm9134w4w0031js6b87b4swdt","slug":"dr-milan-mashru-384432","name":"Dr. Milan Mashru","city":"Jamnagar"},{"id":"cm9137ge50032js6b0rihl7ug","slug":"dr-vimal-d-bhalodiya-503996","name":"Dr.Vimal D. Bhalodiya","city":"Junagadh"},{"id":"cm913ad270033js6bke8gxgdp","slug":"dr-smitesh-patel-639647","name":"Dr. Smitesh Patel","city":"Gandhinagar"},{"id":"cm913dldb0034js6bjb85cs1b","slug":"dr-ruchit-thakar-790381","name":"Dr. Ruchit Thakar","city":"Gandhinagar"},{"id":"cm913g5e00035js6bfa13a3bt","slug":"dr-harsh-shah-909634","name":"DR HARSH SHAH","city":" Anand"},{"id":"cm913j12o0036js6bjqi8jype","slug":"dr-itisha-panchal-044015","name":"Dr. Itisha Panchal","city":" Anand"},{"id":"cm916oohw0037js6by8imn18p","slug":"dr-rishma-patel-346499","name":"DR RISHMA PATEL","city":"Navsari"},{"id":"cm916r9310038js6bgtq07fg8","slug":"dr-ankit-desai-466492","name":"Dr. Ankit Desai","city":"Navsari"},{"id":"cm916uqba0039js6bf3qu7h9p","slug":"dr-kamesh-talati-628789","name":"Dr. Kamesh Talati","city":" Surendranagar"},{"id":"cm916xm7b003ajs6b9ots111m","slug":"dr-mayur-chauhan-763430","name":"Dr Mayur Chauhan","city":"surendranagar"},{"id":"cm9170djm003bjs6bjy4vebl8","slug":"dr-ravi-varsada-892177","name":"Dr. Ravi Varsada","city":"Morbi"},{"id":"cm9173l4k003cjs6brf8ghho0","slug":"dr-kapil-sanghavi-041971","name":"Dr. Kapil Sanghavi","city":"Gandhidham"},{"id":"cm9175u9k003djs6bkaaq1gfl","slug":"dr-rameshwar-taluja-147128","name":"Dr. Rameshwar Taluja","city":"Nadiad"},{"id":"cm9177u0u003ejs6bjkp6zq5j","slug":"dr-jay-doshi-240110","name":"DR JAY DOSHI","city":"Nadiad"},{"id":"cm917aftn003fjs6bacm775tn","slug":"dr-shreya-mahida-sindha-361689","name":"Dr. Shreya Mahida Sindha","city":"Bharuch"},{"id":"cm917d1di003gjs6blxxprq7k","slug":"dr-parth-barot-482933","name":"Dr. Parth Barot","city":"Bharuch"},{"id":"cm917fifj003hjs6b40m699yk","slug":"dr-avani-598350","name":"Dr. Avani","city":" Porbandar "},{"id":"cm917hvzi003ijs6bet9vxv93","slug":"dr-mansi-brahmksahtriya-709229","name":"Dr. Mansi Brahmksahtriya","city":"Bhuj"},{"id":"cm917kbaw003jjs6baul5fprb","slug":"dr-aekta-patel-822391","name":"Dr. Aekta Patel","city":"Bhuj"},{"id":"cm917o266003kjs6bibyvoj87","slug":"dr-nehal-r-shah-997182","name":"Dr. Nehal R. Shah","city":"Vapi"},{"id":"cm917pzfb003ljs6b556713av","slug":"kroni-bharucha-086935","name":"Kroni Bharucha","city":"Vapi"},{"id":"cm917slf4003mjs6bf5yjnlcb","slug":"dr-shivani-rana-208751","name":"Dr.Shivani Rana","city":" Valsad"},{"id":"cm917v09m003njs6b5oc8s4kb","slug":"dr-seema-chavda-321305","name":"Dr. Seema Chavda","city":"Valsad "},{"id":"cm917xl0s003ojs6bhueiu5co","slug":"dr-aakash-s-parikh-441514","name":"Dr. Aakash S Parikh","city":"Godhra"},{"id":"cm91805h8003pjs6bhk2i90pc","slug":"dr-ashok-s-patel-561339","name":"Dr. Ashok S. Patel","city":"Palanpur"},{"id":"cm9182u33003qjs6bqjd2x5u5","slug":"dr-parth-g-raval-686542","name":"Dr. Parth G Raval","city":"Palanpur"},{"id":"cm9185rme003rjs6bogpucmce","slug":"dr-prema-patel-823317","name":"Dr. Prema Patel","city":"Kalol "},{"id":"cm9188jz6003sjs6bwl16gntv","slug":"dr-hiren-patel-953377","name":"Dr.Hiren Patel","city":"Kalol "},{"id":"cm918b9rl003tjs6bkt6ow59y","slug":"dr-tushar-borania-080111","name":"Dr. Tushar Borania","city":"Amreli"},{"id":"cm918djm6003ujs6bt0qe69mh","slug":"dr-rachana-raiyani-186189","name":"Dr. Rachana Raiyani","city":"Amreli"},{"id":"cm918gpwt003vjs6bd1ou52kj","slug":"dr-samir-krishna-334315","name":"Dr.Samir Krishna","city":"Gondal"},{"id":"cm918izvf003wjs6bgq64ojuv","slug":"dr-riddhi-sitapara-440538","name":"Dr. Riddhi Sitapara","city":"Jetpur "},{"id":"cm918lejg003xjs6bfwnhxl7t","slug":"dr-vaishali-gandhi-552855","name":"Dr. Vaishali Gandhi","city":"Deesa"},{"id":"cm95432jo003yjs6b0sfrtd2a","slug":"dr-mitali-843743","name":"Dr. Mitali","city":"Nagpur"},{"id":"cm9546cbv003zjs6boh8kuulg","slug":"dr-sneha-sabu-996394","name":"Dr. Sneha Sabu","city":"Nagpur"},{"id":"cm9548vhd0040js6byp9fdg30","slug":"dr-harshali-kubde-114528","name":"Dr. HARSHALI KUBDE","city":"Nagpur"},{"id":"cm954bs0y0041js6b9xpyck0z","slug":"dr-neerajkumar-trivedi-250016","name":"Dr.Neerajkumar Trivedi","city":"Thane"},{"id":"cm954e6yr0042js6be4ws1ydm","slug":"dr-ashwadhi-sunil-362690","name":"Dr. Ashwadhi Sunil","city":"Thane"},{"id":"cm954hd5o0043js6b59n8s1h2","slug":"dr-nandini-phad-510668","name":"Dr. Nandini Phad","city":"Pimpri-Chinchwad"},{"id":"cm954k3k70044js6boz59hdlx","slug":"dr-mangesh-kadu-patil-638211","name":"Dr. Mangesh Kadu Patil","city":"Pimpri-Chinchwad"},{"id":"cm956sail0045js6blz98q2bd","slug":"dr-diptesh-mutha-379708","name":"Dr. Diptesh Mutha","city":"Nashik"},{"id":"cm956xb1y0046js6b7cbceh2i","slug":"dr-hitesh-aher-613685","name":"Dr. Hitesh Aher","city":"Nashik"},{"id":"cm956zt9z0047js6bdm1ufs63","slug":"dr-rahul-nivrutti-deokar-730614","name":"Dr. Rahul Nivrutti Deokar","city":" Kalyan"},{"id":"cm9574op40048js6bugooce23","slug":"dr-kimi-suchak-957958","name":"Dr. Kimi Suchak","city":" Kalyan"},{"id":"cm95779sz0049js6b3mhuusyg","slug":"dr-rohini-aiyer-078626","name":"Dr. Rohini Aiyer","city":"Vasai-Virar"},{"id":"cm9579zqo004ajs6bakfgkl3r","slug":"dr-pragati-metkari-mane-205549","name":"Dr. Pragati Metkari Mane","city":"Vasai"},{"id":"cm957dl15004bjs6b8i6m8v55","slug":"dr-vivek-jadhav-373112","name":"Dr. Vivek Jadhav","city":"Aurangabad"},{"id":"cm957hqgx004cjs6bge0ple6s","slug":"dr-sheetal-nawale-566784","name":"Dr. Sheetal Nawale","city":"Aurangabad"},{"id":"cm957m78g004djs6b8j85jqdp","slug":"dr-prachi-girhe-775134","name":"Dr. Prachi Girhe","city":"Aurangabad"},{"id":"cm95th0b0004ejs6b2n9oyu86","slug":"dr-sonal-agrawal-484426","name":"Dr. Sonal Agrawal","city":"Navi Mumbai"},{"id":"cm95tjiyl004fjs6bv1ne5v0t","slug":"dr-pritee-pandey-601916","name":"Dr. Pritee Pandey","city":"Navi Mumbai"},{"id":"cm95tlalb004gjs6biqg2w6oa","slug":"dr-nupur-agarwal-684380","name":"Dr. Nupur Agarwal","city":"Navi Mumbai"},{"id":"cm95tpd1t004hjs6brsbrv0wq","slug":"dr-ashwini-karpe-874191","name":"Dr. Ashwini Karpe","city":"Solapur"},{"id":"cm95trgdn004ijs6b4znsefwo","slug":"dr-kishor-shivgunde-971818","name":"Dr. Kishor Shivgunde","city":"Solapur"},{"id":"cm95tudrg004jjs6b2r11pzh2","slug":"dr-rucha-deshpande-108395","name":"Dr. Rucha Deshpande","city":"Solapur"},{"id":"cm95tx887004kjs6bxa27py2g","slug":"dr-sharddha-goyal-241191","name":"Dr. Sharddha Goyal","city":"Mira Bhayandar"},{"id":"cm95tzbwp004ljs6b9l9mnj6b","slug":"dr-nidhi-joshi-339271","name":"Dr. Nidhi Joshi","city":"Mira Bhayandar"},{"id":"cm95u308v004mjs6bfrrrc7w7","slug":"dr-jashan-s-arora-510782","name":"Dr. Jashan S Arora","city":"Mira Bhayandar"},{"id":"cm95u65c3004njs6bn2dxuh3r","slug":"dr-divya-jain-657347","name":"Dr. Divya Jain","city":" Jalgaon"},{"id":"cm95u9g1e004ojs6b0ecs3w7y","slug":"dr-sneha-bhala-811185","name":"Dr Sneha Bhala","city":"Jalgaon"},{"id":"cm95ubs10004pjs6bwrawnkjp","slug":"dr-hitesh-ramesh-talreja-920035","name":"Dr Hitesh Ramesh Talreja","city":"Dhule "},{"id":"cm95uec01004qjs6bpwrje3y7","slug":"dr-roshani-bhamre-039232","name":"Dr.Roshani Bhamre","city":"Dhule "},{"id":"cm95uh2gh004rjs6brf1j7odj","slug":"dr-sagar-mapare-166832","name":"Dr. Sagar Mapare","city":"Nanded"},{"id":"cm95uj3cw004sjs6b09znyvsh","slug":"dr-nikita-rathod-261301","name":"Dr. Nikita Rathod","city":"Nanded-Waghala"},{"id":"cm95ult6h004tjs6b7due5abd","slug":"dr-ganesh-patil-388088","name":"Dr. Ganesh Patil","city":"Kolhapur"},{"id":"cm95unugc004ujs6b5z2qei40","slug":"dr-sneha-patil-483052","name":"Dr. Sneha Patil","city":"Kolhapur"},{"id":"cm95uvmdr004vjs6bz3d7lsof","slug":"dr-jyoti-chavan-845838","name":"Dr. Jyoti Chavan","city":"Kolhapur"},{"id":"cm95uxrig004wjs6bi2ps108f","slug":"dr-preet-punjabi-945799","name":"Dr Preet Punjabi","city":"Ulhasnagar"},{"id":"cm95v05l6004xjs6b9ibt7818","slug":"dr-alison-banson-057351","name":"Dr. Alison Banson","city":"Ulhasnagar"},{"id":"cm95v2a6s004yjs6bhaakzwhw","slug":"dr-alisha-khatwani-156627","name":"Dr. Alisha Khatwani","city":"Ulhasnagar"},{"id":"cm95v4rtk004zjs6bjgwyixjq","slug":"dr-deepti-s-fulari-272791","name":"Dr. Deepti S. Fulari","city":"SANGLI "},{"id":"cm95v6e1k0050js6b0vddrm4x","slug":"dr-swapnil-chopade-348247","name":"Dr Swapnil Chopade","city":"SANGLI "},{"id":"cm95v86ow0051js6bmoueendb","slug":"dr-ganesh-chougule-432023","name":"Dr. Ganesh Chougule","city":"SANGLI "},{"id":"cm95vael60052js6b62i7ev4s","slug":"dr-amruta-khade-535568","name":"Dr. Amruta Khade","city":"Akola"},{"id":"cm9shymkh000kjsc1b8see6jq","slug":"dr-sumanth-shetty-873084","name":"Dr. Sumanth Shetty","city":"Bangalore"},{"id":"cm9si70au000ljsc10bml7q75","slug":"dr-sushritha-sricharan-264121","name":"Dr. Sushritha Sricharan","city":"Bangalore"},{"id":"cm9si9o40000mjsc1kfp8cj6b","slug":"dr-shashank-madhusudan-388302","name":"Dr Shashank Madhusudan","city":"Bangalore"},{"id":"cm9sic4tz000njsc1774hac1y","slug":"dr-sahana-mahesh-503286","name":"DR. Sahana Mahesh","city":"Bangalore"},{"id":"cm9sieps5000ojsc1q318f1nx","slug":"dr-neha-singh-623747","name":"Dr. Neha Singh","city":"Bangalore"},{"id":"cm9siis79000pjsc1dlrvxuuh","slug":"dr-sindhu-s-kumar-813508","name":"Dr. Sindhu S Kumar","city":"Bangalore"},{"id":"cm9simhkj000qjsc1opsbhogu","slug":"dr-anu-986354","name":"Dr Anu","city":"Bangalore"},{"id":"cm9siphfm000rjsc1g51qyisj","slug":"dr-balasubramanya-k-v-126146","name":"Dr. Balasubramanya K V","city":"Bangalore"},{"id":"cm9sitnox000sjsc1964whlox","slug":"dr-ramya-320879","name":"DR. RAMYA","city":"Bangalore"},{"id":"cm9siyi9h000tjsc197qc0lcj","slug":"dr-sneha-bharadwaj-547123","name":"Dr. Sneha Bharadwaj","city":"Bangalore"},{"id":"cm9tj8h8s000ujsc1r4jpj7k1","slug":"dr-rutuja-santan-478537","name":"Dr. Rutuja Santan","city":"Nashik"},{"id":"cm9tzuwyx000vjsc1w5jy69y2","slug":"dr-abhisek-ghosh-399206","name":"Dr Abhisek Ghosh","city":" Kolkata"},{"id":"cm9u006kk000wjsc1sp8if67r","slug":"dr-arimeeta-chakraverty-644930","name":"Dr. Arimeeta Chakraverty","city":"Kolkata"},{"id":"cm9u02y92000xjsc1dcn11jzz","slug":"dr-amit-nandi-774117","name":"Dr. Amit Nandi","city":"Kolkata"},{"id":"cm9u068e4000yjsc1ekeuifn8","slug":"dr-ruchi-lohia-927227","name":"Dr. Ruchi Lohia","city":"Kolkata"},{"id":"cm9u08icm000zjsc1sffj0srf","slug":"dr-poulomi-roy-033445","name":"Dr.Poulomi Roy","city":"Kolkata"},{"id":"cm9u0aqma0010jsc1u7yp3mgg","slug":"dr-gobind-agarwal-137473","name":"Dr. Gobind Agarwal","city":"ko"},{"id":"cm9u0ctj80011jsc1ctzu1kxb","slug":"dr-shruti-agarwal-234563","name":"Dr. Shruti Agarwal","city":"Kolkata"},{"id":"cm9u0irm20012jsc1cxy139g3","slug":"dr-pubali-biswas-512009","name":"Dr. Pubali Biswas","city":"Kolkata"},{"id":"cm9u0laza0013jsc1roq8vjpe","slug":"dr-k-k-butta-630421","name":"Dr. K.K. Butta","city":"Kolkata"},{"id":"cm9u0nizv0014jsc1d8on34ia","slug":"dr-sawon-barman-734120","name":"Dr. Sawon Barman","city":"Kolkata"},{"id":"cm9u1shz60017jsc1irnz03tb","slug":"dr-abhisek-ghosh-645698","name":"Dr Abhisek Ghosh","city":"Kolkata"},{"id":"cm9u1z75z0018jsc1s10y9xgt","slug":"dr-gobind-agarwal-958278","name":"Dr. Gobind Agarwal","city":"Kolkata"},{"id":"cm9vg2m120012jsgdpaypn7xu","slug":"dr-ashish-gupta-098305","name":"Dr. Ashish Gupta","city":"Pune"},{"id":"cm9vg58710013jsgd5s3atqtn","slug":"dr-priyanka-saokar-navale-220348","name":"Dr. Priyanka Saokar Navale","city":"Pune"},{"id":"cm9vg7kb70014jsgd6ui4ttxq","slug":"dr-avinash-bamane-329362","name":"Dr Avinash Bamane","city":"Pune"},{"id":"cm9vg98no0015jsgdvc6uuu8p","slug":"dr-sana-mokashi-407571","name":"Dr. Sana Mokashi","city":"Pune"},{"id":"cm9vgbscw0016jsgdlyncq2l3","slug":"dr-vishal-patil-526415","name":"Dr Vishal Patil","city":"Pune"},{"id":"cm9vgfp6g0017jsgdibt82yrh","slug":"dr-ratnika-708919","name":"Dr Ratnika","city":"Pune"},{"id":"cm9vgj8mq0018jsgd6ead8h2t","slug":"dr-rahul-kathariya-874097","name":"Dr. Rahul Kathariya","city":"Pune"},{"id":"cm9vgllsy0019jsgdzo3yhgzy","slug":"dr-vanita-bajaj-984481","name":"Dr. Vanita Bajaj","city":"Pune"},{"id":"cm9vgpb62001ajsgdk6dun5d9","slug":"dr-priyanka-ambadkar-157321","name":"Dr. Priyanka Ambadkar","city":"Pune"},{"id":"cm9vgrbnl001bjsgd650m1zfx","slug":"dr-juhi-joshi-251264","name":"Dr. Juhi Joshi","city":"Pune"},{"id":"cm9y1gn2y001cjsgdowc3s4o6","slug":"dr-surendra-gujarkar-957142","name":"Dr. Surendra Gujarkar","city":"Bhopal"},{"id":"cm9y1ipy8001djsgdrxpemcqm","slug":"dr-surabhi-chetana-054175","name":"Dr. Surabhi Chetana","city":"Bhopal"},{"id":"cm9y1lrsv001ejsgd6szu58ng","slug":"dr-kirti-shrivastava-196543","name":"Dr. Kirti Shrivastava","city":"Bhopal"},{"id":"cm9y1nmus001fjsgdpttlaa9w","slug":"dr-prashant-tripathi-283443","name":"Dr Prashant Tripathi","city":"Bhopal"},{"id":"cm9y1popg001gjsgddz8vn6yy","slug":"dr-prachi-bhartia-379155","name":"Dr Prachi Bhartia","city":"Bhopal"},{"id":"cm9y1rr8c001hjsgdhv7afkez","slug":"dr-garima-jain-475739","name":"Dr. Garima Jain","city":"Bhopal"},{"id":"cm9y1tlzi001ijsgdbtfc297p","slug":"dr-kunaal-agrawal-562253","name":"Dr. KUNAAL AGRAWAL","city":"Bhopal"},{"id":"cm9y1wh3q001jjsgdn79y6s9b","slug":"dr-pooja-khare-695894","name":"Dr. Pooja Khare","city":"Bhopal"},{"id":"cm9y1yg28001kjsgdz0cy6m2j","slug":"dr-maulsree-dwivedi-787855","name":"Dr. MAULSREE DWIVEDI","city":"Bhopal"},{"id":"cm9y20muf001ljsgd1eg1xjek","slug":"dr-karishma-pradhan-devendra-889957","name":"Dr. Karishma Pradhan Devendra","city":"Bhopal"},{"id":"cma2swkdb001mjsgdpvjnh760","slug":"dr-suyash-jain-914458","name":"Dr. Suyash Jain","city":"Indore"},{"id":"cma2syoz6001njsgdv9hpqmqq","slug":"dr-sohini-jain-013745","name":"Dr. Sohini Jain","city":"Indore"},{"id":"cma2t1yni001ojsgds66i7rgh","slug":"dr-deepti-surana-166253","name":"Dr. Deepti Surana","city":"Indore"},{"id":"cma2t44rn001pjsgd3y4g12kk","slug":"dr-rashmi-rathore-solanki-267490","name":"Dr. Rashmi Rathore Solanki","city":"Indore"},{"id":"cma2t61wd001qjsgdvdmsqsa1","slug":"dr-ashish-garg-357084","name":"Dr. Ashish Garg","city":"Indore"},{"id":"cma2t8k0m001rjsgdindjydc4","slug":"dr-shivani-bhardwaj-473876","name":"Dr. Shivani Bhardwaj","city":"Indore"},{"id":"cma2tax3c001sjsgdlit9iknm","slug":"dr-priya-joshi-584135","name":"Dr priya Joshi","city":"Indore"},{"id":"cma2td8r3001tjsgd8d397fee","slug":"dr-vishakha-jain-692558","name":"Dr. Vishakha Jain","city":"Indore"},{"id":"cma2tf4xw001ujsgdre48mach","slug":"dr-mimansha-pandey-780931","name":"Dr Mimansha Pandey","city":"Indore"},{"id":"cma2tjfv7001vjsgdbwuhtluu","slug":"dr-mimansha-pandey-981714","name":"Dr Mimansha Pandey","city":"Indore"},{"id":"cma2tllmi001wjsgddcrd83as","slug":"dr-supriya-jadon-ranawat-082489","name":"Dr Supriya Jadon Ranawat","city":"Indore"},{"id":"cma5elopy0003jss88694s3on","slug":"dr-harshali-kubde-290788","name":"Dr. HARSHALI KUBDE","city":"Nagpur"},{"id":"cma5eqqxu0004jss8act8yun1","slug":"dr-shraddha-agrawal-526945","name":"DR Shraddha Agrawal","city":"Nagpur"},{"id":"cma5eua170005jss85d2he440","slug":"dr-sneha-sabu-691658","name":"Dr. Sneha Sabu","city":"Nagpur"},{"id":"cma5f0mwl0006jss87bb2prve","slug":"dr-bianca-nazareth-arya-988275","name":"Dr. Bianca Nazareth-Arya","city":"Nagpur"},{"id":"cma5f2z0i0007jss8vot7195d","slug":"dr-arvind-ashtankar-097281","name":"Dr. Arvind Ashtankar","city":"Nagpur"},{"id":"cma5f54fc0008jss89kmci916","slug":"dr-girish-chhabrani-197607","name":"Dr. Girish Chhabrani","city":"Nagpur"},{"id":"cma5f7dej0009jss8yuqedlkr","slug":"dr-bhumika-mute-peter-302554","name":"Dr. Bhumika Mute Peter","city":"Nagpur"},{"id":"cma5f9b2h000ajss88z8uw8rc","slug":"dr-ketaki-joglekar-392841","name":"Dr. Ketaki Joglekar","city":"Nagpur"},{"id":"cma5fbcho000bjss898kshc8w","slug":"dr-barkha-rathi-487995","name":"DR. BARKHA RATHI","city":"Nagpur"},{"id":"cma5fd7ry000cjss8ypr9l6sr","slug":"dr-sapna-chachada-575197","name":"Dr Sapna Chachada","city":"Nagpur"},{"id":"cma8bzwf6000xjsjy2nojrmuf","slug":"dr-sumit-jain-313632","name":"Dr. Sumit Jain","city":"Jabalpur"},{"id":"cma8c2w9t000yjsjy8fk0czn2","slug":"dr-sunil-singh-chauhan-453408","name":"Dr. Sunil Singh Chauhan","city":"Jabalpur"},{"id":"cma8c4thh000zjsjykx94qrd3","slug":"dr-priya-mulchandani-543108","name":"Dr. Priya Mulchandani","city":"Jabalpur"},{"id":"cma8c6zwp0010jsjymrrrqdw3","slug":"dr-niharika-gupta-644744","name":"Dr Niharika Gupta","city":"Jabalpur"},{"id":"cma8c97h00011jsjy8e5vfvli","slug":"dr-gulshan-kaur-hora-747859","name":"Dr. Gulshan Kaur Hora","city":"Jabalpur"},{"id":"cma8ccv960012jsjytbrq8sg0","slug":"dr-pushpraj-kesharwani-918648","name":"Dr. Pushpraj Kesharwani","city":"Jabalpur"},{"id":"cma8chfof0013jsjy35dg4rj6","slug":"dr-mayank-jain-131742","name":"Dr Mayank Jain","city":"Jabalpur"},{"id":"cma8cjptt0014jsjydhshj7h1","slug":"dr-piyush-jain-238208","name":"Dr. Piyush Jain","city":"Jabalpur"},{"id":"cma8clg5v0015jsjy9gs15y55","slug":"dr-maharishi-rathor-318994","name":"Dr. Maharishi Rathor","city":"Jabalpur"}]